Gesture_4/WIN_20171129_12_29_10_Pro (2).jpg,4
Gesture_4/WIN_20171214_18_12_33_Pro (2).jpg,4
Gesture_4/2017-11-26-145636_9.jpg,4
Gesture_4/WIN_20171203_17_26_42_Pro.jpg,4
Gesture_4/2017-11-26-150319_4.jpg,4
Gesture_4/WIN_20171214_15_03_10_Pro.jpg,4
Gesture_4/2017-11-26-150319_9.jpg,4
Gesture_4/1-27.jpg,4
Gesture_4/2017-11-26-144342_7.jpg,4
Gesture_4/2017-11-26-144342_8.jpg,4
Gesture_4/2017-11-26-144342_6.jpg,4
Gesture_4/2017-11-26-145026_1.jpg,4
Gesture_4/1-22.jpg,4
Gesture_4/2017-11-26-142451_10.jpg,4
Gesture_4/WIN_20171214_18_12_21_Pro.jpg,4
Gesture_4/1-8.jpg,4
Gesture_4/WIN_20171214_18_12_25_Pro.jpg,4
Gesture_4/2017-11-26-145026_3.jpg,4
Gesture_4/WIN_20171203_17_22_53_Pro (5).jpg,4
Gesture_4/WIN_20171214_18_12_33_Pro.jpg,4
Gesture_4/1-37.jpg,4
Gesture_4/1-29.jpg,4
Gesture_4/WIN_20171203_17_22_56_Pro.jpg,4
Gesture_4/WIN_20171129_12_26_30_Pro (6).jpg,4
Gesture_4/2017-11-26-142451_6.jpg,4
Gesture_4/WIN_20171214_18_12_12_Pro.jpg,4
Gesture_4/WIN_20171214_18_12_39_Pro.jpg,4
Gesture_4/2017-11-26-145636_5.jpg,4
Gesture_4/WIN_20171203_17_22_54_Pro (3).jpg,4
Gesture_4/1-19.jpg,4
Gesture_4/1-17.jpg,4
Gesture_4/WIN_20171214_15_02_46_Pro.jpg,4
Gesture_4/WIN_20171129_12_26_32_Pro (7).jpg,4
Gesture_4/WIN_20171214_18_12_18_Pro.jpg,4
Gesture_4/WIN_20171214_15_03_18_Pro.jpg,4
Gesture_4/1-31.jpg,4
Gesture_4/WIN_20171129_12_26_30_Pro (9).jpg,4
Gesture_4/WIN_20171203_17_26_44_Pro (2).jpg,4
Gesture_4/WIN_20171214_15_02_53_Pro.jpg,4
Gesture_4/WIN_20171214_18_12_42_Pro (4).jpg,4
Gesture_4/2017-11-26-144342_9.jpg,4
Gesture_4/WIN_20171129_12_29_11_Pro.jpg,4
Gesture_4/2017-11-26-145026_6.jpg,4
Gesture_4/WIN_20171214_18_12_43_Pro (2).jpg,4
Gesture_4/2017-11-26-144342_1.jpg,4
Gesture_4/2017-11-26-142451_3.jpg,4
Gesture_4/2017-11-26-150319_1.jpg,4
Gesture_4/WIN_20171129_12_26_32_Pro.jpg,4
Gesture_4/1-9.jpg,4
Gesture_4/1-1.jpg,4
Gesture_4/WIN_20171129_12_26_30_Pro (8).jpg,4
Gesture_4/WIN_20171203_17_24_50_Pro (3).jpg,4
Gesture_4/WIN_20171214_18_12_11_Pro (2).jpg,4
Gesture_4/1-35.jpg,4
Gesture_4/WIN_20171214_15_03_02_Pro.jpg,4
Gesture_4/WIN_20171129_12_29_12_Pro (3).jpg,4
Gesture_4/1-21.jpg,4
Gesture_4/WIN_20171203_17_24_51_Pro (2).jpg,4
Gesture_4/WIN_20171203_17_32_47_Pro.jpg,4
Gesture_4/2017-11-26-145026_9.jpg,4
Gesture_4/WIN_20171129_12_26_31_Pro (2).jpg,4
Gesture_4/1-26.jpg,4
Gesture_4/1-4.jpg,4
Gesture_4/WIN_20171214_18_12_30_Pro.jpg,4
Gesture_4/WIN_20171129_12_26_33_Pro (5).jpg,4
Gesture_4/WIN_20171203_17_22_54_Pro (5).jpg,4
Gesture_4/WIN_20171128_18_50_17_Pro.jpg,4
Gesture_4/WIN_20171214_18_12_19_Pro.jpg,4
Gesture_4/WIN_20171214_18_12_09_Pro.jpg,4
Gesture_4/WIN_20171203_17_32_49_Pro.jpg,4
Gesture_4/WIN_20171214_18_12_26_Pro.jpg,4
Gesture_4/2017-11-26-145026_5.jpg,4
Gesture_4/WIN_20171129_12_26_33_Pro (8).jpg,4
Gesture_4/1-18.jpg,4
Gesture_4/2017-11-26-145636_1.jpg,4
Gesture_4/WIN_20171214_18_12_24_Pro.jpg,4
Gesture_4/WIN_20171214_18_12_15_Pro (3).jpg,4
Gesture_4/1-45.jpg,4
Gesture_4/WIN_20171129_12_26_33_Pro (2).jpg,4
Gesture_4/WIN_20171203_17_26_46_Pro (2).jpg,4
Gesture_4/2017-11-26-142451_9.jpg,4
Gesture_4/WIN_20171203_17_32_46_Pro (2).jpg,4
Gesture_4/WIN_20171214_15_02_49_Pro.jpg,4
Gesture_4/WIN_20171129_12_26_30_Pro (5).jpg,4
Gesture_4/WIN_20171129_12_26_32_Pro (2).jpg,4
Gesture_4/WIN_20171214_15_03_06_Pro.jpg,4
Gesture_4/1-2.jpg,4
Gesture_4/WIN_20171203_17_32_49_Pro (3).jpg,4
Gesture_4/WIN_20171129_12_26_32_Pro (5).jpg,4
Gesture_4/1-38.jpg,4
Gesture_4/1-6.jpg,4
Gesture_4/WIN_20171214_18_12_11_Pro.jpg,4
Gesture_4/WIN_20171203_17_24_50_Pro.jpg,4
Gesture_4/WIN_20171129_12_26_33_Pro (4).jpg,4
Gesture_4/1-11.jpg,4
Gesture_4/2017-11-26-145636_7.jpg,4
Gesture_4/WIN_20171214_18_12_16_Pro (3).jpg,4
Gesture_4/WIN_20171214_18_12_39_Pro (3).jpg,4
Gesture_4/WIN_20171214_18_12_14_Pro (3).jpg,4
Gesture_4/1-50.jpg,4
Gesture_4/WIN_20171129_12_29_11_Pro (9).jpg,4
Gesture_4/WIN_20171203_17_24_51_Pro.jpg,4
Gesture_4/WIN_20171214_18_12_23_Pro.jpg,4
Gesture_4/2017-11-26-145636_6.jpg,4
Gesture_4/WIN_20171129_12_26_31_Pro (10).jpg,4
Gesture_4/WIN_20171214_18_12_42_Pro (2).jpg,4
Gesture_4/1-34.jpg,4
Gesture_4/WIN_20171214_18_12_22_Pro (2).jpg,4
Gesture_4/1-44.jpg,4
Gesture_4/WIN_20171203_17_24_51_Pro (3).jpg,4
Gesture_4/WIN_20171214_15_03_04_Pro.jpg,4
Gesture_4/WIN_20171129_12_26_31_Pro (3).jpg,4
Gesture_4/WIN_20171203_17_32_48_Pro (2).jpg,4
Gesture_4/WIN_20171129_12_29_11_Pro (10).jpg,4
Gesture_4/1-3.jpg,4
Gesture_4/WIN_20171129_12_29_11_Pro (5).jpg,4
Gesture_4/WIN_20171214_18_12_29_Pro (2).jpg,4
Gesture_4/WIN_20171214_15_02_37_Pro.jpg,4
Gesture_4/WIN_20171129_12_26_30_Pro (2).jpg,4
Gesture_4/WIN_20171129_12_26_33_Pro (6).jpg,4
Gesture_4/2017-11-26-142451_7.jpg,4
Gesture_4/WIN_20171214_18_12_44_Pro (2).jpg,4
Gesture_4/WIN_20171214_18_12_32_Pro (2).jpg,4
Gesture_4/WIN_20171214_18_12_19_Pro (3).jpg,4
Gesture_4/WIN_20171214_18_12_43_Pro (3).jpg,4
Gesture_4/WIN_20171214_18_12_37_Pro (2).jpg,4
Gesture_4/WIN_20171203_17_32_44_Pro.jpg,4
Gesture_4/WIN_20171129_12_26_33_Pro (3).jpg,4
Gesture_4/2017-11-26-145026_2.jpg,4
Gesture_4/2017-11-26-144342_3.jpg,4
Gesture_4/2017-11-26-145636_3.jpg,4
Gesture_4/WIN_20171214_18_12_23_Pro (2).jpg,4
Gesture_4/1-28.jpg,4
Gesture_4/WIN_20171214_18_12_18_Pro (2).jpg,4
Gesture_4/2017-11-26-142451_2.jpg,4
Gesture_4/WIN_20171129_12_26_30_Pro (7).jpg,4
Gesture_4/WIN_20171214_18_12_15_Pro (2).jpg,4
Gesture_4/1-30.jpg,4
Gesture_4/WIN_20171203_17_26_46_Pro.jpg,4
Gesture_4/WIN_20171129_12_26_31_Pro (4).jpg,4
Gesture_4/WIN_20171203_17_22_54_Pro.jpg,4
Gesture_4/WIN_20171214_18_12_12_Pro (2).jpg,4
Gesture_4/2017-11-26-145026_7.jpg,4
Gesture_4/1-47.jpg,4
Gesture_4/WIN_20171214_18_12_12_Pro (3).jpg,4
Gesture_4/WIN_20171214_18_12_17_Pro (2).jpg,4
Gesture_4/WIN_20171214_15_02_47_Pro.jpg,4
Gesture_4/WIN_20171214_18_12_17_Pro.jpg,4
Gesture_4/2017-11-26-150319_8.jpg,4
Gesture_4/WIN_20171203_17_26_45_Pro.jpg,4
Gesture_4/WIN_20171129_12_26_32_Pro (6).jpg,4
Gesture_4/WIN_20171203_17_26_43_Pro (3).jpg,4
Gesture_4/WIN_20171203_17_22_55_Pro.jpg,4
Gesture_4/WIN_20171214_18_12_30_Pro (2).jpg,4
Gesture_4/1-46.jpg,4
Gesture_4/WIN_20171214_18_12_17_Pro (3).jpg,4
Gesture_4/WIN_20171214_18_12_13_Pro.jpg,4
Gesture_4/WIN_20171129_12_29_10_Pro.jpg,4
Gesture_4/WIN_20171214_18_12_16_Pro.jpg,4
Gesture_4/WIN_20171214_18_12_36_Pro.jpg,4
Gesture_4/WIN_20171129_12_26_30_Pro (4).jpg,4
Gesture_4/WIN_20171214_18_12_14_Pro (2).jpg,4
Gesture_4/WIN_20171129_12_29_11_Pro (6).jpg,4
Gesture_4/WIN_20171129_12_26_32_Pro (10).jpg,4
Gesture_4/WIN_20171203_17_22_52_Pro.jpg,4
Gesture_4/WIN_20171129_12_29_10_Pro (4).jpg,4
Gesture_4/2017-11-26-145026_8.jpg,4
Gesture_4/1-15.jpg,4
Gesture_4/2017-11-26-142451_8.jpg,4
Gesture_4/WIN_20171129_12_26_32_Pro (4).jpg,4
Gesture_4/WIN_20171203_17_22_52_Pro (5).jpg,4
Gesture_4/WIN_20171203_17_24_47_Pro.jpg,4
Gesture_4/WIN_20171203_17_22_52_Pro (2).jpg,4
Gesture_4/WIN_20171214_18_12_43_Pro.jpg,4
Gesture_4/WIN_20171203_17_22_55_Pro (4).jpg,4
Gesture_4/WIN_20171214_15_03_00_Pro.jpg,4
Gesture_4/WIN_20171214_15_03_12_Pro.jpg,4
Gesture_4/WIN_20171214_18_12_40_Pro (2).jpg,4
Gesture_4/2017-11-26-144342_5.jpg,4
Gesture_4/WIN_20171203_17_22_53_Pro (4).jpg,4
Gesture_4/WIN_20171214_18_12_15_Pro.jpg,4
Gesture_4/2017-11-26-142451_5.jpg,4
Gesture_4/WIN_20171203_17_32_47_Pro (2).jpg,4
Gesture_4/WIN_20171129_12_26_30_Pro (3).jpg,4
Gesture_4/WIN_20171128_18_54_02_Pro.jpg,4
Gesture_4/2017-11-26-150319_7.jpg,4
Gesture_4/WIN_20171128_20_47_32_Pro.jpg,4
Gesture_4/2017-11-26-145636_8.jpg,4
Gesture_4/WIN_20171214_18_12_41_Pro (3).jpg,4
Gesture_4/1-36.jpg,4
Gesture_4/WIN_20171214_18_12_42_Pro.jpg,4
Gesture_4/WIN_20171214_18_12_18_Pro (3).jpg,4
Gesture_4/WIN_20171203_17_32_49_Pro (2).jpg,4
Gesture_4/2017-11-26-144342_2.jpg,4
Gesture_4/WIN_20171214_18_12_31_Pro.jpg,4
Gesture_4/WIN_20171203_17_22_52_Pro (3).jpg,4
Gesture_4/2017-11-26-150319_3.jpg,4
Gesture_4/WIN_20171203_17_26_45_Pro (3).jpg,4
Gesture_4/1-16.jpg,4
Gesture_4/1-43.jpg,4
Gesture_4/WIN_20171214_18_12_32_Pro (3).jpg,4
Gesture_4/WIN_20171203_17_24_50_Pro (2).jpg,4
Gesture_4/1-42.jpg,4
Gesture_4/2017-11-26-142451_4.jpg,4
Gesture_4/2017-11-26-150319_10.jpg,4
Gesture_4/WIN_20171129_12_26_31_Pro (5).jpg,4
Gesture_4/2017-11-26-145026_4.jpg,4
Gesture_4/WIN_20171129_12_29_12_Pro.jpg,4
Gesture_4/2017-11-26-145636_2.jpg,4
Gesture_4/WIN_20171214_18_12_16_Pro (2).jpg,4
Gesture_4/WIN_20171214_15_03_16_Pro.jpg,4
Gesture_4/WIN_20171214_18_12_42_Pro (3).jpg,4
Gesture_4/WIN_20171214_15_03_03_Pro.jpg,4
Gesture_4/WIN_20171129_12_26_33_Pro.jpg,4
Gesture_4/WIN_20171203_17_22_54_Pro (2).jpg,4
Gesture_4/2017-11-26-150319_5.jpg,4
Gesture_4/WIN_20171129_12_26_31_Pro (6).jpg,4
Gesture_4/WIN_20171214_18_12_17_Pro (4).jpg,4
Gesture_4/WIN_20171214_15_03_08_Pro.jpg,4
Gesture_4/1-12.jpg,4
Gesture_4/WIN_20171214_18_12_31_Pro (2).jpg,4
Gesture_4/WIN_20171129_12_26_31_Pro (9).jpg,4
Gesture_4/1-10.jpg,4
Gesture_4/2017-11-26-145636_10.jpg,4
Gesture_4/WIN_20171214_18_12_38_Pro (3).jpg,4
Gesture_4/WIN_20171214_15_03_07_Pro.jpg,4
Gesture_4/WIN_20171214_15_03_17_Pro.jpg,4
Gesture_4/WIN_20171129_12_26_31_Pro.jpg,4
Gesture_4/WIN_20171214_15_02_59_Pro.jpg,4
Gesture_4/WIN_20171214_18_12_41_Pro (4).jpg,4
Gesture_4/WIN_20171214_15_02_38_Pro.jpg,4
Gesture_4/2017-11-26-150319_2.jpg,4
Gesture_4/WIN_20171214_18_12_32_Pro.jpg,4
Gesture_4/WIN_20171214_18_12_22_Pro.jpg,4
Gesture_4/WIN_20171129_12_29_11_Pro (3).jpg,4
Gesture_4/WIN_20171129_12_29_11_Pro (4).jpg,4
Gesture_4/WIN_20171129_12_26_32_Pro (8).jpg,4
Gesture_4/WIN_20171214_18_12_43_Pro (4).jpg,4
Gesture_4/WIN_20171214_15_02_44_Pro.jpg,4
Gesture_4/WIN_20171203_17_22_56_Pro (2).jpg,4
Gesture_4/1-24.jpg,4
Gesture_4/WIN_20171203_17_26_44_Pro.jpg,4
Gesture_4/WIN_20171214_18_12_41_Pro (2).jpg,4
Gesture_4/WIN_20171214_18_12_29_Pro.jpg,4
Gesture_4/WIN_20171214_15_02_51_Pro.jpg,4
Gesture_4/1-25.jpg,4
Gesture_4/1-5.jpg,4
Gesture_4/WIN_20171214_18_12_36_Pro (3).jpg,4
Gesture_4/WIN_20171203_17_22_55_Pro (3).jpg,4
Gesture_4/1-49.jpg,4
Gesture_4/WIN_20171214_18_12_24_Pro (2).jpg,4
Gesture_4/1-20.jpg,4
Gesture_4/2017-11-26-144342_4.jpg,4
Gesture_4/WIN_20171129_12_29_12_Pro (2).jpg,4
Gesture_4/1-13.jpg,4
Gesture_4/1-48.jpg,4
Gesture_4/WIN_20171214_15_02_52_Pro.jpg,4
Gesture_4/WIN_20171214_18_12_40_Pro (3).jpg,4
Gesture_4/WIN_20171129_12_29_11_Pro (7).jpg,4
Gesture_4/2017-11-26-145636_4.jpg,4
Gesture_4/1-39.jpg,4
Gesture_4/WIN_20171203_17_24_49_Pro.jpg,4
Gesture_4/1-33.jpg,4
Gesture_4/WIN_20171214_18_12_38_Pro (2).jpg,4
Gesture_4/WIN_20171214_18_12_21_Pro (2).jpg,4
Gesture_4/1-32.jpg,4
Gesture_4/WIN_20171129_12_26_31_Pro (7).jpg,4
Gesture_4/1-7.jpg,4
Gesture_4/WIN_20171203_17_22_55_Pro (2).jpg,4
Gesture_4/WIN_20171203_17_22_54_Pro (4).jpg,4
Gesture_4/WIN_20171129_12_26_30_Pro.jpg,4
Gesture_4/WIN_20171214_18_12_37_Pro.jpg,4
Gesture_4/1-41.jpg,4
Gesture_4/WIN_20171129_12_29_11_Pro (2).jpg,4
Gesture_4/WIN_20171214_18_12_14_Pro.jpg,4
Gesture_4/WIN_20171129_12_29_10_Pro (3).jpg,4
Gesture_4/2017-11-26-145026_10.jpg,4
Gesture_4/WIN_20171214_18_12_39_Pro (2).jpg,4
Gesture_4/WIN_20171214_15_02_42_Pro.jpg,4
Gesture_4/WIN_20171128_20_04_22_Pro.jpg,4
Gesture_4/WIN_20171214_18_12_41_Pro.jpg,4
Gesture_4/WIN_20171203_17_24_48_Pro (3).jpg,4
Gesture_4/1-23.jpg,4
Gesture_4/WIN_20171203_17_24_48_Pro (2).jpg,4
Gesture_4/WIN_20171214_18_12_36_Pro (2).jpg,4
Gesture_4/WIN_20171129_12_26_31_Pro (8).jpg,4
Gesture_4/WIN_20171214_15_03_13_Pro.jpg,4
Gesture_4/WIN_20171128_20_42_57_Pro.jpg,4
Gesture_4/WIN_20171129_12_26_32_Pro (3).jpg,4
Gesture_4/2017-11-26-142451_1.jpg,4
Gesture_4/WIN_20171129_12_26_33_Pro (7).jpg,4
Gesture_4/2017-11-26-150319_6.jpg,4
Gesture_4/WIN_20171214_18_12_25_Pro (2).jpg,4
Gesture_4/WIN_20171214_18_12_38_Pro.jpg,4
Gesture_4/WIN_20171129_12_29_11_Pro (8).jpg,4
Gesture_4/WIN_20171214_18_12_44_Pro.jpg,4
Gesture_4/1-14.jpg,4
Gesture_4/WIN_20171203_17_26_44_Pro (3).jpg,4
Gesture_4/1-40.jpg,4
Gesture_4/WIN_20171214_18_12_09_Pro (2).jpg,4
Gesture_4/WIN_20171214_18_12_13_Pro (2).jpg,4
Gesture_4/WIN_20171214_18_12_40_Pro.jpg,4
Gesture_4/WIN_20171203_17_32_48_Pro (3).jpg,4
Gesture_4/2017-11-26-144342_10.jpg,4
Gesture_4/WIN_20171203_17_22_52_Pro (4).jpg,4
Gesture_4/WIN_20171128_20_03_56_Pro.jpg,4
Gesture_4/WIN_20171214_15_02_58_Pro.jpg,4
Gesture_1/WIN_20171214_15_00_34_Pro.jpg,1
Gesture_1/2017-11-26-145327_7.jpg,1
Gesture_1/WIN_20171129_12_26_11_Pro (3).jpg,1
Gesture_1/WIN_20171214_18_14_01_Pro (3).jpg,1
Gesture_1/2017-11-26-144643_2.jpg,1
Gesture_1/WIN_20171214_18_09_53_Pro.jpg,1
Gesture_1/2017-11-26-150008_7.jpg,1
Gesture_1/WIN_20171203_17_24_24_Pro (2).jpg,1
Gesture_1/2017-11-26-144643_4.jpg,1
Gesture_1/2017-11-26-141351_4.jpg,1
Gesture_1/WIN_20171203_17_32_09_Pro (3).jpg,1
Gesture_1/WIN_20171129_12_28_56_Pro (6).jpg,1
Gesture_1/WIN_20171214_15_00_41_Pro.jpg,1
Gesture_1/WIN_20171214_18_13_46_Pro (2).jpg,1
Gesture_1/WIN_20171214_18_13_46_Pro.jpg,1
Gesture_1/WIN_20171214_18_09_56_Pro (2).jpg,1
Gesture_1/WIN_20171214_18_10_25_Pro.jpg,1
Gesture_1/3-39.jpg,1
Gesture_1/WIN_20171214_18_10_26_Pro (2).jpg,1
Gesture_1/WIN_20171214_15_00_48_Pro.jpg,1
Gesture_1/WIN_20171214_18_09_55_Pro.jpg,1
Gesture_1/2017-11-26-145327_2.jpg,1
Gesture_1/3-5.jpg,1
Gesture_1/WIN_20171214_18_14_02_Pro.jpg,1
Gesture_1/WIN_20171214_18_10_27_Pro.jpg,1
Gesture_1/3-26.jpg,1
Gesture_1/WIN_20171128_20_01_32_Pro.jpg,1
Gesture_1/WIN_20171203_17_22_30_Pro.jpg,1
Gesture_1/WIN_20171214_18_10_36_Pro.jpg,1
Gesture_1/WIN_20171214_18_13_59_Pro (2).jpg,1
Gesture_1/2017-11-26-144006_7.jpg,1
Gesture_1/2017-11-26-150008_3.jpg,1
Gesture_1/2017-11-26-144643_7.jpg,1
Gesture_1/WIN_20171214_18_10_28_Pro.jpg,1
Gesture_1/WIN_20171203_17_26_18_Pro.jpg,1
Gesture_1/2017-11-26-144006_4.jpg,1
Gesture_1/2017-11-26-145327_9.jpg,1
Gesture_1/WIN_20171214_18_10_35_Pro.jpg,1
Gesture_1/3-28.jpg,1
Gesture_1/2017-11-26-144006_8.jpg,1
Gesture_1/WIN_20171128_20_47_54_Pro.jpg,1
Gesture_1/WIN_20171214_18_13_59_Pro (3).jpg,1
Gesture_1/WIN_20171214_18_10_10_Pro.jpg,1
Gesture_1/WIN_20171214_18_14_02_Pro (2).jpg,1
Gesture_1/3-41.jpg,1
Gesture_1/WIN_20171203_17_32_13_Pro (3).jpg,1
Gesture_1/WIN_20171129_12_28_56_Pro (7).jpg,1
Gesture_1/3-46.jpg,1
Gesture_1/WIN_20171214_18_09_56_Pro.jpg,1
Gesture_1/2017-11-26-150008_6.jpg,1
Gesture_1/WIN_20171214_15_01_27_Pro.jpg,1
Gesture_1/2017-11-26-145327_4.jpg,1
Gesture_1/WIN_20171214_18_10_26_Pro.jpg,1
Gesture_1/WIN_20171214_18_13_47_Pro (3).jpg,1
Gesture_1/2017-11-26-145327_1.jpg,1
Gesture_1/3-3.jpg,1
Gesture_1/3-8.jpg,1
Gesture_1/2017-11-26-144643_3.jpg,1
Gesture_1/2017-11-26-141351_1.jpg,1
Gesture_1/WIN_20171203_17_32_13_Pro (2).jpg,1
Gesture_1/WIN_20171203_17_24_21_Pro (2).jpg,1
Gesture_1/3-30.jpg,1
Gesture_1/WIN_20171128_20_01_20_Pro.jpg,1
Gesture_1/WIN_20171129_12_28_55_Pro.jpg,1
Gesture_1/WIN_20171214_18_13_44_Pro (2).jpg,1
Gesture_1/WIN_20171203_17_26_19_Pro (3).jpg,1
Gesture_1/WIN_20171129_12_26_12_Pro (5).jpg,1
Gesture_1/3-14.jpg,1
Gesture_1/2017-11-26-144006_6.jpg,1
Gesture_1/WIN_20171203_17_26_20_Pro (2).jpg,1
Gesture_1/3-40.jpg,1
Gesture_1/3-11.jpg,1
Gesture_1/WIN_20171214_15_01_16_Pro.jpg,1
Gesture_1/WIN_20171214_15_01_24_Pro.jpg,1
Gesture_1/WIN_20171128_15_02_51_Pro.jpg,1
Gesture_1/WIN_20171214_18_14_00_Pro (4).jpg,1
Gesture_1/WIN_20171214_18_10_05_Pro.jpg,1
Gesture_1/3-20.jpg,1
Gesture_1/3-49.jpg,1
Gesture_1/WIN_20171129_12_26_11_Pro (6).jpg,1
Gesture_1/WIN_20171203_17_32_11_Pro (2).jpg,1
Gesture_1/WIN_20171203_17_32_09_Pro.jpg,1
Gesture_1/3-16.jpg,1
Gesture_1/WIN_20171214_15_01_22_Pro.jpg,1
Gesture_1/3-47.jpg,1
Gesture_1/3-4.jpg,1
Gesture_1/WIN_20171129_12_28_56_Pro.jpg,1
Gesture_1/WIN_20171214_18_10_11_Pro.jpg,1
Gesture_1/WIN_20171214_18_13_45_Pro (2).jpg,1
Gesture_1/3-34.jpg,1
Gesture_1/WIN_20171214_18_10_29_Pro.jpg,1
Gesture_1/WIN_20171203_17_26_20_Pro.jpg,1
Gesture_1/3-36.jpg,1
Gesture_1/WIN_20171129_12_28_56_Pro (3).jpg,1
Gesture_1/2017-11-26-141351_7.jpg,1
Gesture_1/2017-11-26-141351_10.2.jpg,1
Gesture_1/WIN_20171214_18_14_01_Pro.jpg,1
Gesture_1/WIN_20171129_12_26_11_Pro.jpg,1
Gesture_1/2017-11-26-141351_3.jpg,1
Gesture_1/WIN_20171214_18_13_47_Pro (2).jpg,1
Gesture_1/WIN_20171203_17_26_16_Pro.jpg,1
Gesture_1/WIN_20171203_17_24_21_Pro.jpg,1
Gesture_1/WIN_20171203_17_22_29_Pro.jpg,1
Gesture_1/2017-11-26-150008_8.jpg,1
Gesture_1/WIN_20171214_18_09_51_Pro.jpg,1
Gesture_1/2017-11-26-150008_2.jpg,1
Gesture_1/3-29.jpg,1
Gesture_1/3-43.jpg,1
Gesture_1/WIN_20171203_17_26_16_Pro (2).jpg,1
Gesture_1/3-21.jpg,1
Gesture_1/WIN_20171214_18_09_53_Pro (2).jpg,1
Gesture_1/WIN_20171214_15_01_11_Pro.jpg,1
Gesture_1/WIN_20171203_17_32_08_Pro.jpg,1
Gesture_1/WIN_20171203_17_24_24_Pro (3).jpg,1
Gesture_1/2017-11-26-144643_6.jpg,1
Gesture_1/3-35.jpg,1
Gesture_1/WIN_20171214_18_10_32_Pro.jpg,1
Gesture_1/3-42.jpg,1
Gesture_1/WIN_20171214_18_10_12_Pro.jpg,1
Gesture_1/WIN_20171129_12_26_12_Pro (2).jpg,1
Gesture_1/2017-11-26-141351_6.jpg,1
Gesture_1/WIN_20171214_18_10_14_Pro.jpg,1
Gesture_1/WIN_20171203_17_32_10_Pro (2).jpg,1
Gesture_1/WIN_20171203_17_26_18_Pro (3).jpg,1
Gesture_1/WIN_20171214_18_10_34_Pro.jpg,1
Gesture_1/3-9.jpg,1
Gesture_1/WIN_20171214_18_10_33_Pro.jpg,1
Gesture_1/3-24.jpg,1
Gesture_1/2017-11-26-145327_10.jpg,1
Gesture_1/WIN_20171203_17_22_32_Pro.jpg,1
Gesture_1/2017-11-26-150008_4.jpg,1
Gesture_1/2017-11-26-145327_8.jpg,1
Gesture_1/2017-11-26-144643_10.jpg,1
Gesture_1/WIN_20171129_12_26_12_Pro (6).jpg,1
Gesture_1/WIN_20171214_15_00_51_Pro.jpg,1
Gesture_1/3-6.jpg,1
Gesture_1/2017-11-26-144006_3.jpg,1
Gesture_1/3-7.jpg,1
Gesture_1/3-44.jpg,1
Gesture_1/WIN_20171203_17_22_31_Pro.jpg,1
Gesture_1/WIN_20171214_18_13_48_Pro.jpg,1
Gesture_1/3-32.jpg,1
Gesture_1/WIN_20171129_12_26_12_Pro.jpg,1
Gesture_1/WIN_20171214_18_13_46_Pro (3).jpg,1
Gesture_1/WIN_20171214_18_13_43_Pro (3).jpg,1
Gesture_1/3-13.jpg,1
Gesture_1/WIN_20171203_17_24_25_Pro (3).jpg,1
Gesture_1/WIN_20171214_15_00_54_Pro.jpg,1
Gesture_1/WIN_20171129_12_26_11_Pro (9).jpg,1
Gesture_1/WIN_20171214_18_13_43_Pro (4).jpg,1
Gesture_1/3-27.jpg,1
Gesture_1/WIN_20171214_18_14_00_Pro (2).jpg,1
Gesture_1/3-45.jpg,1
Gesture_1/3-10.jpg,1
Gesture_1/3-33.jpg,1
Gesture_1/WIN_20171214_18_10_18_Pro.jpg,1
Gesture_1/2017-11-26-141351_5.jpg,1
Gesture_1/3-12.jpg,1
Gesture_1/WIN_20171129_12_26_12_Pro (3).jpg,1
Gesture_1/WIN_20171203_17_32_14_Pro.jpg,1
Gesture_1/3-1.jpg,1
Gesture_1/WIN_20171128_18_29_38_Pro.jpg,1
Gesture_1/WIN_20171214_18_13_47_Pro.jpg,1
Gesture_1/WIN_20171214_18_13_59_Pro.jpg,1
Gesture_1/3-23.jpg,1
Gesture_1/WIN_20171129_12_28_56_Pro (2).jpg,1
Gesture_1/WIN_20171214_15_00_36_Pro.jpg,1
Gesture_1/3-37.jpg,1
Gesture_1/WIN_20171129_12_26_11_Pro (4).jpg,1
Gesture_1/2017-11-26-144006_2.jpg,1
Gesture_1/WIN_20171214_18_10_29_Pro (2).jpg,1
Gesture_1/2017-11-26-150008_5.jpg,1
Gesture_1/3-22.jpg,1
Gesture_1/2017-11-26-144643_1.jpg,1
Gesture_1/WIN_20171214_18_09_57_Pro.jpg,1
Gesture_1/2017-11-26-141351_9.jpg,1
Gesture_1/WIN_20171129_12_28_56_Pro (5).jpg,1
Gesture_1/WIN_20171203_17_32_09_Pro (2).jpg,1
Gesture_1/WIN_20171214_18_09_59_Pro.jpg,1
Gesture_1/2017-11-26-150008_1.jpg,1
Gesture_1/WIN_20171203_17_26_17_Pro (3).jpg,1
Gesture_1/WIN_20171203_17_26_18_Pro (2).jpg,1
Gesture_1/WIN_20171203_17_32_10_Pro (3).jpg,1
Gesture_1/2017-11-26-144006_9.jpg,1
Gesture_1/WIN_20171203_17_24_20_Pro.jpg,1
Gesture_1/2017-11-26-145327_3.jpg,1
Gesture_1/WIN_20171203_17_24_22_Pro.jpg,1
Gesture_1/WIN_20171214_18_13_46_Pro (4).jpg,1
Gesture_1/WIN_20171203_17_26_15_Pro.jpg,1
Gesture_1/WIN_20171214_18_14_00_Pro.jpg,1
Gesture_1/WIN_20171214_18_10_09_Pro.jpg,1
Gesture_1/3-19.jpg,1
Gesture_1/2017-11-26-145327_5.jpg,1
Gesture_1/3-17.jpg,1
Gesture_1/3-31.jpg,1
Gesture_1/2017-11-26-144643_8.jpg,1
Gesture_1/WIN_20171214_18_10_33_Pro (2).jpg,1
Gesture_1/2017-11-26-144643_9.jpg,1
Gesture_1/2017-11-26-144006_10.jpg,1
Gesture_1/WIN_20171214_18_13_45_Pro.jpg,1
Gesture_1/2017-11-26-150008_9.jpg,1
Gesture_1/WIN_20171203_17_32_14_Pro (2).jpg,1
Gesture_1/3-38.jpg,1
Gesture_1/WIN_20171129_12_26_12_Pro (4).jpg,1
Gesture_1/WIN_20171214_18_09_54_Pro.jpg,1
Gesture_1/WIN_20171129_12_26_11_Pro (8).jpg,1
Gesture_1/WIN_20171214_18_10_13_Pro.jpg,1
Gesture_1/WIN_20171129_12_26_11_Pro (7).jpg,1
Gesture_1/WIN_20171203_17_32_11_Pro.jpg,1
Gesture_1/2017-11-26-141351_8.jpg,1
Gesture_1/WIN_20171128_20_00_16_Pro.jpg,1
Gesture_1/2017-11-26-144643_5.jpg,1
Gesture_1/3-18.jpg,1
Gesture_1/WIN_20171128_14_56_26_Pro.jpg,1
Gesture_1/2017-11-26-145327_6.jpg,1
Gesture_1/WIN_20171203_17_22_31_Pro (2).jpg,1
Gesture_1/WIN_20171214_18_13_44_Pro (3).jpg,1
Gesture_1/WIN_20171214_18_13_44_Pro.jpg,1
Gesture_1/WIN_20171214_18_09_52_Pro.jpg,1
Gesture_1/WIN_20171214_18_10_08_Pro.jpg,1
Gesture_1/WIN_20171214_18_13_59_Pro (4).jpg,1
Gesture_1/WIN_20171129_12_28_55_Pro (2).jpg,1
Gesture_1/2017-11-26-141351_2.jpg,1
Gesture_1/WIN_20171214_18_13_45_Pro (3).jpg,1
Gesture_1/WIN_20171129_12_26_12_Pro (7).jpg,1
Gesture_1/2017-11-26-144006_1.jpg,1
Gesture_1/3-15.jpg,1
Gesture_1/2017-11-26-150008_10.jpg,1
Gesture_1/2017-11-26-144006_5.jpg,1
Gesture_1/3-50.jpg,1
Gesture_1/3-25.jpg,1
Gesture_1/WIN_20171214_18_14_00_Pro (3).jpg,1
Gesture_1/3-48.jpg,1
Gesture_1/WIN_20171129_12_26_11_Pro (5).jpg,1
Gesture_1/WIN_20171129_12_26_11_Pro (2).jpg,1
Gesture_1/WIN_20171214_18_14_01_Pro (2).jpg,1
Gesture_1/WIN_20171214_15_01_31_Pro.jpg,1
Gesture_1/WIN_20171128_20_42_49_Pro.jpg,1
Gesture_1/WIN_20171214_18_13_45_Pro (4).jpg,1
Gesture_1/WIN_20171203_17_32_10_Pro.jpg,1
Gesture_1/3-2.jpg,1
Gesture_1/WIN_20171203_17_26_19_Pro (2).jpg,1
Gesture_1/WIN_20171214_18_10_07_Pro.jpg,1
Gesture_1/WIN_20171214_18_10_24_Pro.jpg,1
Gesture_1/WIN_20171203_17_24_24_Pro.jpg,1
Gesture_1/WIN_20171214_18_13_47_Pro (4).jpg,1
Gesture_3/2017-11-26-142024_7.jpg,3
Gesture_3/2017-11-26-144237_4.jpg,3
Gesture_3/WIN_20171129_12_26_26_Pro (7).jpg,3
Gesture_3/WIN_20171203_17_26_34_Pro (3).jpg,3
Gesture_3/2017-11-26-150220_5.jpg,3
Gesture_3/WIN_20171214_18_11_59_Pro (2).jpg,3
Gesture_3/2017-11-26-150220_6.jpg,3
Gesture_3/WIN_20171214_18_11_38_Pro.jpg,3
Gesture_3/5-27.jpg,3
Gesture_3/2017-11-26-145534_9.jpg,3
Gesture_3/5-48.jpg,3
Gesture_3/WIN_20171203_17_22_46_Pro (2).jpg,3
Gesture_3/WIN_20171214_18_11_21_Pro (2).jpg,3
Gesture_3/2017-11-26-150220_4.jpg,3
Gesture_3/WIN_20171214_18_11_40_Pro (2).jpg,3
Gesture_3/WIN_20171129_12_26_25_Pro (3).jpg,3
Gesture_3/2017-11-26-145534_1.jpg,3
Gesture_3/5-14.jpg,3
Gesture_3/2017-11-26-144237_7.jpg,3
Gesture_3/5-10.jpg,3
Gesture_3/WIN_20171214_18_11_36_Pro (2).jpg,3
Gesture_3/WIN_20171214_18_11_33_Pro.jpg,3
Gesture_3/5-28.jpg,3
Gesture_3/WIN_20171203_17_26_39_Pro.jpg,3
Gesture_3/WIN_20171129_12_26_26_Pro (6).jpg,3
Gesture_3/WIN_20171203_17_24_42_Pro.jpg,3
Gesture_3/WIN_20171214_18_11_22_Pro.jpg,3
Gesture_3/WIN_20171129_12_29_07_Pro (2).jpg,3
Gesture_3/WIN_20171203_17_24_42_Pro (3).jpg,3
Gesture_3/WIN_20171129_12_26_28_Pro (5).jpg,3
Gesture_3/WIN_20171214_18_11_42_Pro.jpg,3
Gesture_3/WIN_20171128_20_48_03_Pro.jpg,3
Gesture_3/2017-11-26-144847_10.jpg,3
Gesture_3/2017-11-26-150220_3.jpg,3
Gesture_3/WIN_20171203_17_26_32_Pro (2).jpg,3
Gesture_3/WIN_20171214_18_11_56_Pro.jpg,3
Gesture_3/WIN_20171214_15_01_49_Pro.jpg,3
Gesture_3/5-41.jpg,3
Gesture_3/WIN_20171214_18_11_26_Pro.jpg,3
Gesture_3/5-33.jpg,3
Gesture_3/WIN_20171203_17_22_44_Pro.jpg,3
Gesture_3/WIN_20171203_17_26_32_Pro (3).jpg,3
Gesture_3/WIN_20171128_18_43_26_Pro.jpg,3
Gesture_3/WIN_20171214_18_11_18_Pro.jpg,3
Gesture_3/WIN_20171214_18_12_02_Pro.jpg,3
Gesture_3/5-22.jpg,3
Gesture_3/WIN_20171214_18_11_58_Pro.jpg,3
Gesture_3/WIN_20171214_18_11_39_Pro (2).jpg,3
Gesture_3/WIN_20171203_17_32_39_Pro.jpg,3
Gesture_3/WIN_20171129_12_26_25_Pro (6).jpg,3
Gesture_3/5-12.jpg,3
Gesture_3/2017-11-26-145534_2.jpg,3
Gesture_3/5-17.jpg,3
Gesture_3/2017-11-26-144847_2.jpg,3
Gesture_3/2017-11-26-144847_8.jpg,3
Gesture_3/WIN_20171129_12_26_26_Pro (8).jpg,3
Gesture_3/WIN_20171203_17_32_39_Pro (3).jpg,3
Gesture_3/WIN_20171214_18_11_25_Pro (2).jpg,3
Gesture_3/2017-11-26-142024_10.jpg,3
Gesture_3/5-30.jpg,3
Gesture_3/5-45.jpg,3
Gesture_3/2017-11-26-145534_8.jpg,3
Gesture_3/2017-11-26-144237_8.jpg,3
Gesture_3/WIN_20171214_18_11_37_Pro.jpg,3
Gesture_3/WIN_20171214_18_11_19_Pro.jpg,3
Gesture_3/5-46.jpg,3
Gesture_3/2017-11-26-150220_10.jpg,3
Gesture_3/5-20.jpg,3
Gesture_3/5-39.jpg,3
Gesture_3/WIN_20171129_12_26_25_Pro (5).jpg,3
Gesture_3/2017-11-26-142024_1.jpg,3
Gesture_3/2017-11-26-144237_3.jpg,3
Gesture_3/WIN_20171203_17_32_36_Pro (2).jpg,3
Gesture_3/5-29.jpg,3
Gesture_3/WIN_20171214_18_11_41_Pro (2).jpg,3
Gesture_3/5-3.jpg,3
Gesture_3/5-18.jpg,3
Gesture_3/WIN_20171129_12_26_28_Pro.jpg,3
Gesture_3/WIN_20171128_20_43_27_Pro.jpg,3
Gesture_3/WIN_20171129_12_26_28_Pro (4).jpg,3
Gesture_3/WIN_20171214_18_11_21_Pro.jpg,3
Gesture_3/WIN_20171214_18_12_03_Pro.jpg,3
Gesture_3/WIN_20171203_17_26_38_Pro.jpg,3
Gesture_3/5-34.jpg,3
Gesture_3/WIN_20171214_18_11_23_Pro (2).jpg,3
Gesture_3/WIN_20171214_18_11_19_Pro (2).jpg,3
Gesture_3/WIN_20171214_18_11_57_Pro.jpg,3
Gesture_3/5-13.jpg,3
Gesture_3/WIN_20171203_17_32_38_Pro.jpg,3
Gesture_3/WIN_20171214_18_11_59_Pro.jpg,3
Gesture_3/WIN_20171214_18_11_35_Pro.jpg,3
Gesture_3/WIN_20171129_12_29_07_Pro (4).jpg,3
Gesture_3/WIN_20171214_15_02_09_Pro.jpg,3
Gesture_3/5-44.jpg,3
Gesture_3/WIN_20171214_18_11_55_Pro.jpg,3
Gesture_3/WIN_20171214_18_11_56_Pro (2).jpg,3
Gesture_3/2017-11-26-142024_3.jpg,3
Gesture_3/5-47.jpg,3
Gesture_3/WIN_20171203_17_26_36_Pro (2).jpg,3
Gesture_3/WIN_20171214_18_11_54_Pro.jpg,3
Gesture_3/2017-11-26-144237_1.jpg,3
Gesture_3/5-32.jpg,3
Gesture_3/WIN_20171129_12_26_28_Pro (2).jpg,3
Gesture_3/WIN_20171214_18_11_36_Pro.jpg,3
Gesture_3/WIN_20171214_15_01_58_Pro.jpg,3
Gesture_3/2017-11-26-145534_6.jpg,3
Gesture_3/2017-11-26-144847_6.jpg,3
Gesture_3/WIN_20171203_17_22_44_Pro (2).jpg,3
Gesture_3/WIN_20171214_15_02_19_Pro.jpg,3
Gesture_3/WIN_20171129_12_29_06_Pro (3).jpg,3
Gesture_3/WIN_20171129_12_29_06_Pro (5).jpg,3
Gesture_3/WIN_20171203_17_24_41_Pro (3).jpg,3
Gesture_3/WIN_20171214_15_01_43_Pro.jpg,3
Gesture_3/WIN_20171214_15_02_27_Pro.jpg,3
Gesture_3/WIN_20171214_15_02_25_Pro.jpg,3
Gesture_3/WIN_20171129_12_26_27_Pro (8).jpg,3
Gesture_3/WIN_20171129_12_26_28_Pro (6).jpg,3
Gesture_3/WIN_20171214_18_11_34_Pro (2).jpg,3
Gesture_3/2017-11-26-145534_5.jpg,3
Gesture_3/WIN_20171214_18_11_38_Pro (2).jpg,3
Gesture_3/WIN_20171214_18_11_52_Pro.jpg,3
Gesture_3/2017-11-26-150220_7.jpg,3
Gesture_3/2017-11-26-144237_10.jpg,3
Gesture_3/2017-11-26-145534_3.jpg,3
Gesture_3/WIN_20171214_18_11_32_Pro.jpg,3
Gesture_3/2017-11-26-145534_10.jpg,3
Gesture_3/5-6.jpg,3
Gesture_3/2017-11-26-150220_9.jpg,3
Gesture_3/WIN_20171129_12_29_07_Pro (3).jpg,3
Gesture_3/WIN_20171203_17_22_46_Pro.jpg,3
Gesture_3/WIN_20171129_12_26_27_Pro (2).jpg,3
Gesture_3/WIN_20171129_12_26_28_Pro (3).jpg,3
Gesture_3/WIN_20171203_17_32_39_Pro (2).jpg,3
Gesture_3/WIN_20171128_20_03_04_Pro.jpg,3
Gesture_3/5-16.jpg,3
Gesture_3/WIN_20171203_17_26_32_Pro.jpg,3
Gesture_3/2017-11-26-144237_9.jpg,3
Gesture_3/WIN_20171214_15_02_23_Pro.jpg,3
Gesture_3/WIN_20171214_18_11_23_Pro.jpg,3
Gesture_3/5-49.jpg,3
Gesture_3/2017-11-26-144847_9.jpg,3
Gesture_3/2017-11-26-144237_6.jpg,3
Gesture_3/5-5.jpg,3
Gesture_3/WIN_20171203_17_24_42_Pro (2).jpg,3
Gesture_3/WIN_20171214_18_12_01_Pro (2).jpg,3
Gesture_3/5-9.jpg,3
Gesture_3/WIN_20171129_12_29_07_Pro.jpg,3
Gesture_3/WIN_20171214_15_02_06_Pro.jpg,3
Gesture_3/2017-11-26-150220_2.jpg,3
Gesture_3/WIN_20171214_18_12_00_Pro (2).jpg,3
Gesture_3/5-25.jpg,3
Gesture_3/WIN_20171129_12_26_27_Pro.jpg,3
Gesture_3/WIN_20171203_17_32_37_Pro.jpg,3
Gesture_3/WIN_20171214_18_11_32_Pro (2).jpg,3
Gesture_3/WIN_20171203_17_26_37_Pro (3).jpg,3
Gesture_3/WIN_20171203_17_22_44_Pro (3).jpg,3
Gesture_3/WIN_20171203_17_26_36_Pro (3).jpg,3
Gesture_3/WIN_20171214_18_12_00_Pro.jpg,3
Gesture_3/5-8.jpg,3
Gesture_3/5-11.jpg,3
Gesture_3/WIN_20171214_18_11_41_Pro.jpg,3
Gesture_3/2017-11-26-144847_3.jpg,3
Gesture_3/5-1.jpg,3
Gesture_3/WIN_20171203_17_26_37_Pro.jpg,3
Gesture_3/WIN_20171214_15_02_10_Pro.jpg,3
Gesture_3/2017-11-26-144847_5.jpg,3
Gesture_3/WIN_20171214_18_11_39_Pro.jpg,3
Gesture_3/2017-11-26-144237_2.jpg,3
Gesture_3/5-50.jpg,3
Gesture_3/2017-11-26-144237_5.jpg,3
Gesture_3/WIN_20171214_18_11_25_Pro.jpg,3
Gesture_3/5-35.jpg,3
Gesture_3/WIN_20171128_18_47_11_Pro.jpg,3
Gesture_3/WIN_20171214_15_02_00_Pro.jpg,3
Gesture_3/WIN_20171129_12_26_25_Pro (2).jpg,3
Gesture_3/WIN_20171214_18_12_01_Pro.jpg,3
Gesture_3/WIN_20171129_12_26_26_Pro (4).jpg,3
Gesture_3/WIN_20171203_17_24_40_Pro (3).jpg,3
Gesture_3/WIN_20171203_17_26_35_Pro (3).jpg,3
Gesture_3/WIN_20171129_12_26_26_Pro (9).jpg,3
Gesture_3/WIN_20171214_18_12_03_Pro (2).jpg,3
Gesture_3/WIN_20171214_18_12_02_Pro (2).jpg,3
Gesture_3/WIN_20171214_18_11_20_Pro.jpg,3
Gesture_3/WIN_20171214_15_01_55_Pro.jpg,3
Gesture_3/WIN_20171214_18_11_58_Pro (2).jpg,3
Gesture_3/2017-11-26-142024_6.jpg,3
Gesture_3/WIN_20171214_18_11_53_Pro.jpg,3
Gesture_3/WIN_20171203_17_24_38_Pro.jpg,3
Gesture_3/2017-11-26-142024_8.jpg,3
Gesture_3/WIN_20171203_17_26_37_Pro (2).jpg,3
Gesture_3/5-42.jpg,3
Gesture_3/5-26.jpg,3
Gesture_3/WIN_20171203_17_26_36_Pro.jpg,3
Gesture_3/WIN_20171128_20_03_29_Pro.jpg,3
Gesture_3/2017-11-26-142024_4.jpg,3
Gesture_3/WIN_20171129_12_26_25_Pro (4).jpg,3
Gesture_3/WIN_20171214_15_02_03_Pro.jpg,3
Gesture_3/2017-11-26-144847_4.jpg,3
Gesture_3/5-43.jpg,3
Gesture_3/WIN_20171214_18_11_40_Pro.jpg,3
Gesture_3/5-15.jpg,3
Gesture_3/2017-11-26-144847_1.jpg,3
Gesture_3/2017-11-26-142024_9.jpg,3
Gesture_3/5-2.jpg,3
Gesture_3/2017-11-26-144847_7.jpg,3
Gesture_3/WIN_20171214_15_02_17_Pro.jpg,3
Gesture_3/WIN_20171203_17_32_40_Pro (2).jpg,3
Gesture_3/5-21.jpg,3
Gesture_3/WIN_20171129_12_26_27_Pro (10).jpg,3
Gesture_3/5-7.jpg,3
Gesture_3/WIN_20171214_18_11_34_Pro.jpg,3
Gesture_3/WIN_20171129_12_26_26_Pro (10).jpg,3
Gesture_3/WIN_20171214_18_12_04_Pro.jpg,3
Gesture_3/5-40.jpg,3
Gesture_3/2017-11-26-145534_7.jpg,3
Gesture_3/WIN_20171129_12_29_06_Pro (4).jpg,3
Gesture_3/2017-11-26-150220_8.jpg,3
Gesture_3/2017-11-26-145534_4.jpg,3
Gesture_3/WIN_20171214_15_01_45_Pro.jpg,3
Gesture_3/WIN_20171214_18_11_54_Pro (2).jpg,3
Gesture_3/5-31.jpg,3
Gesture_3/5-4.jpg,3
Gesture_3/2017-11-26-150220_1.jpg,3
Gesture_3/WIN_20171214_18_11_31_Pro.jpg,3
Gesture_3/WIN_20171129_12_26_27_Pro (9).jpg,3
Gesture_3/WIN_20171129_12_26_25_Pro.jpg,3
Gesture_3/WIN_20171203_17_32_40_Pro (3).jpg,3
Gesture_3/WIN_20171214_15_01_52_Pro.jpg,3
Gesture_3/WIN_20171129_12_26_26_Pro (5).jpg,3
Gesture_3/2017-11-26-142024_2.jpg,3
Gesture_2/WIN_20171214_18_10_48_Pro.jpg,2
Gesture_2/WIN_20171214_14_59_55_Pro.jpg,2
Gesture_2/2017-11-26-144132_1.jpg,2
Gesture_2/2-38.jpg,2
Gesture_2/WIN_20171129_12_28_59_Pro (4).jpg,2
Gesture_2/2017-11-26-144744_7.jpg,2
Gesture_2/WIN_20171203_17_26_26_Pro.jpg,2
Gesture_2/2-40.jpg,2
Gesture_2/WIN_20171214_18_13_49_Pro (3).jpg,2
Gesture_2/2-9.jpg,2
Gesture_2/WIN_20171214_18_13_50_Pro (2).jpg,2
Gesture_2/2017-11-26-144132_9.jpg,2
Gesture_2/WIN_20171214_18_11_09_Pro.jpg,2
Gesture_2/WIN_20171129_12_26_19_Pro.jpg,2
Gesture_2/WIN_20171128_18_38_54_Pro.jpg,2
Gesture_2/2-46.jpg,2
Gesture_2/2017-11-26-144744_1.jpg,2
Gesture_2/2017-11-26-144744_6.jpg,2
Gesture_2/WIN_20171129_12_26_19_Pro (6).jpg,2
Gesture_2/WIN_20171214_18_10_40_Pro.jpg,2
Gesture_2/WIN_20171214_14_59_48_Pro.jpg,2
Gesture_2/2-25.jpg,2
Gesture_2/2017-11-26-141842_2.jpg,2
Gesture_2/WIN_20171214_18_13_52_Pro (4).jpg,2
Gesture_2/WIN_20171203_17_26_27_Pro.jpg,2
Gesture_2/2-3.jpg,2
Gesture_2/2017-11-26-145434_8.jpg,2
Gesture_2/2017-11-26-145434_7.jpg,2
Gesture_2/2-29.jpg,2
Gesture_2/2017-11-26-141842_5.jpg,2
Gesture_2/WIN_20171203_17_32_22_Pro.jpg,2
Gesture_2/WIN_20171128_20_01_59_Pro.jpg,2
Gesture_2/WIN_20171203_17_22_38_Pro (3).jpg,2
Gesture_2/WIN_20171214_18_13_49_Pro (4).jpg,2
Gesture_2/WIN_20171214_18_11_00_Pro (2).jpg,2
Gesture_2/WIN_20171129_12_28_59_Pro (3).jpg,2
Gesture_2/WIN_20171214_18_11_07_Pro.jpg,2
Gesture_2/WIN_20171214_18_13_51_Pro (3).jpg,2
Gesture_2/2017-11-26-150123_1.jpg,2
Gesture_2/WIN_20171214_18_11_06_Pro.jpg,2
Gesture_2/2-5.jpg,2
Gesture_2/2017-11-26-150123_4.jpg,2
Gesture_2/2-14.jpg,2
Gesture_2/2-44.jpg,2
Gesture_2/WIN_20171203_17_32_20_Pro (3).jpg,2
Gesture_2/WIN_20171129_12_26_19_Pro (2).jpg,2
Gesture_2/WIN_20171129_12_28_58_Pro.jpg,2
Gesture_2/2017-11-26-141842_7.jpg,2
Gesture_2/WIN_20171214_18_14_04_Pro.jpg,2
Gesture_2/2-33.jpg,2
Gesture_2/WIN_20171214_18_10_58_Pro (2).jpg,2
Gesture_2/2017-11-26-144132_5.jpg,2
Gesture_2/2-21.jpg,2
Gesture_2/WIN_20171203_17_32_18_Pro (3).jpg,2
Gesture_2/WIN_20171214_18_10_47_Pro.jpg,2
Gesture_2/2-11.jpg,2
Gesture_2/WIN_20171129_12_26_20_Pro (5).jpg,2
Gesture_2/WIN_20171214_14_59_30_Pro.jpg,2
Gesture_2/2017-11-26-144744_5.jpg,2
Gesture_2/WIN_20171214_14_59_43_Pro.jpg,2
Gesture_2/WIN_20171214_18_11_08_Pro.jpg,2
Gesture_2/2-19.jpg,2
Gesture_2/WIN_20171129_12_26_18_Pro (3).jpg,2
Gesture_2/2017-11-26-150123_5.jpg,2
Gesture_2/WIN_20171214_18_14_03_Pro (4).jpg,2
Gesture_2/WIN_20171203_17_32_21_Pro (3).jpg,2
Gesture_2/WIN_20171214_18_11_06_Pro (2).jpg,2
Gesture_2/WIN_20171214_18_10_45_Pro.jpg,2
Gesture_2/WIN_20171214_18_13_52_Pro (3).jpg,2
Gesture_2/2-39.jpg,2
Gesture_2/WIN_20171214_18_11_10_Pro.jpg,2
Gesture_2/WIN_20171129_12_26_20_Pro.jpg,2
Gesture_2/2017-11-26-141842_6.jpg,2
Gesture_2/2-26.jpg,2
Gesture_2/2017-11-26-141842_1.jpg,2
Gesture_2/WIN_20171214_18_11_05_Pro.jpg,2
Gesture_2/WIN_20171128_20_44_14_Pro.jpg,2
Gesture_2/WIN_20171129_12_26_19_Pro (9).jpg,2
Gesture_2/WIN_20171203_17_22_36_Pro (3).jpg,2
Gesture_2/WIN_20171203_17_26_24_Pro (3).jpg,2
Gesture_2/2017-11-26-141842_3.jpg,2
Gesture_2/2017-11-26-150123_6.jpg,2
Gesture_2/WIN_20171128_18_32_04_Pro.jpg,2
Gesture_2/WIN_20171214_15_00_27_Pro.jpg,2
Gesture_2/WIN_20171214_18_14_04_Pro (2).jpg,2
Gesture_2/2017-11-26-144132_6.jpg,2
Gesture_2/2017-11-26-144132_3.jpg,2
Gesture_2/WIN_20171214_18_10_59_Pro.jpg,2
Gesture_2/WIN_20171214_18_10_55_Pro.jpg,2
Gesture_2/2017-11-26-141842_9.jpg,2
Gesture_2/WIN_20171214_18_10_46_Pro.jpg,2
Gesture_2/WIN_20171214_18_14_03_Pro (3).jpg,2
Gesture_2/WIN_20171214_18_13_50_Pro (4).jpg,2
Gesture_2/2-31.jpg,2
Gesture_2/2017-11-26-141842_10.jpg,2
Gesture_2/2017-11-26-145434_9.jpg,2
Gesture_2/WIN_20171203_17_26_27_Pro (3).jpg,2
Gesture_2/2017-11-26-144744_4.jpg,2
Gesture_2/WIN_20171214_18_10_42_Pro.jpg,2
Gesture_2/2-32.jpg,2
Gesture_2/WIN_20171214_18_10_56_Pro.jpg,2
Gesture_2/2017-11-26-150123_7.jpg,2
Gesture_2/2-36.jpg,2
Gesture_2/2017-11-26-145434_10.jpg,2
Gesture_2/WIN_20171214_18_10_41_Pro.jpg,2
Gesture_2/WIN_20171214_18_10_42_Pro (2).jpg,2
Gesture_2/2-23.jpg,2
Gesture_2/WIN_20171214_14_59_33_Pro.jpg,2
Gesture_2/WIN_20171129_12_26_18_Pro (2).jpg,2
Gesture_2/WIN_20171214_18_10_53_Pro.jpg,2
Gesture_2/2-16.jpg,2
Gesture_2/WIN_20171214_18_10_39_Pro.jpg,2
Gesture_2/WIN_20171203_17_32_20_Pro (2).jpg,2
Gesture_2/WIN_20171214_18_13_53_Pro (2).jpg,2
Gesture_2/WIN_20171214_18_13_52_Pro.jpg,2
Gesture_2/WIN_20171214_14_57_33_Pro.jpg,2
Gesture_2/2017-11-26-144744_10.jpg,2
Gesture_2/WIN_20171214_18_13_51_Pro.jpg,2
Gesture_2/2-47.jpg,2
Gesture_2/WIN_20171214_18_14_03_Pro.jpg,2
Gesture_2/WIN_20171214_18_10_51_Pro.jpg,2
Gesture_2/2-7.jpg,2
Gesture_2/WIN_20171129_12_28_59_Pro (2).jpg,2
Gesture_2/2017-11-26-144132_8.jpg,2
Gesture_2/WIN_20171214_18_11_00_Pro.jpg,2
Gesture_2/2-48.jpg,2
Gesture_2/WIN_20171129_12_26_19_Pro (4).jpg,2
Gesture_2/2-17.jpg,2
Gesture_2/WIN_20171203_17_22_36_Pro (2).jpg,2
Gesture_2/WIN_20171214_18_11_01_Pro.jpg,2
Gesture_2/2017-11-26-145434_6.jpg,2
Gesture_2/2017-11-26-145434_5.jpg,2
Gesture_2/WIN_20171214_18_10_57_Pro.jpg,2
Gesture_2/2017-11-26-150123_10.jpg,2
Gesture_2/2-12.jpg,2
Gesture_2/2017-11-26-144744_2.jpg,2
Gesture_2/WIN_20171203_17_32_18_Pro.jpg,2
Gesture_2/2-24.jpg,2
Gesture_2/WIN_20171214_18_13_49_Pro (2).jpg,2
Gesture_2/WIN_20171214_15_00_12_Pro.jpg,2
Gesture_2/WIN_20171129_12_28_59_Pro (9).jpg,2
Gesture_2/WIN_20171214_18_11_12_Pro.jpg,2
Gesture_2/WIN_20171203_17_32_21_Pro (2).jpg,2
Gesture_2/WIN_20171129_12_26_19_Pro (8).jpg,2
Gesture_2/2-49.jpg,2
Gesture_2/WIN_20171203_17_32_20_Pro.jpg,2
Gesture_2/WIN_20171214_18_14_02_Pro (3).jpg,2
Gesture_2/WIN_20171214_18_10_50_Pro.jpg,2
Gesture_2/WIN_20171214_18_10_49_Pro.jpg,2
Gesture_2/WIN_20171128_20_02_20_Pro.jpg,2
Gesture_2/WIN_20171214_14_59_36_Pro.jpg,2
Gesture_2/WIN_20171203_17_32_18_Pro (2).jpg,2
Gesture_2/WIN_20171203_17_26_27_Pro (2).jpg,2
Gesture_2/2017-11-26-141842_8.jpg,2
Gesture_2/2-42.jpg,2
Gesture_2/WIN_20171129_12_26_18_Pro.jpg,2
Gesture_2/WIN_20171129_12_26_20_Pro (4).jpg,2
Gesture_2/WIN_20171214_18_13_53_Pro (3).jpg,2
Gesture_2/WIN_20171203_17_32_17_Pro.jpg,2
Gesture_2/WIN_20171128_20_47_48_Pro.jpg,2
Gesture_2/WIN_20171214_18_14_03_Pro (2).jpg,2
Gesture_2/2-22.jpg,2
Gesture_2/WIN_20171214_15_00_20_Pro.jpg,2
Gesture_2/2-37.jpg,2
Gesture_2/WIN_20171203_17_32_22_Pro (2).jpg,2
Gesture_2/2017-11-26-144744_9.jpg,2
Gesture_2/WIN_20171203_17_32_21_Pro.jpg,2
Gesture_2/2-43.jpg,2
Gesture_2/WIN_20171203_17_26_24_Pro (2).jpg,2
Gesture_2/WIN_20171214_18_10_49_Pro (2).jpg,2
Gesture_2/WIN_20171214_14_59_28_Pro.jpg,2
Gesture_2/2-50.jpg,2
Gesture_2/2-28.jpg,2
Gesture_2/WIN_20171203_17_26_23_Pro.jpg,2
Gesture_2/2017-11-26-144132_7.jpg,2
Gesture_2/2-34.jpg,2
Gesture_2/2-13.jpg,2
Gesture_2/2017-11-26-150123_2.jpg,2
Gesture_2/WIN_20171214_14_59_52_Pro.jpg,2
Gesture_2/2017-11-26-144744_8.jpg,2
Gesture_2/WIN_20171214_14_59_40_Pro.jpg,2
Gesture_2/WIN_20171214_18_10_56_Pro (2).jpg,2
Gesture_2/WIN_20171214_18_10_58_Pro.jpg,2
Gesture_2/WIN_20171214_18_13_49_Pro.jpg,2
Gesture_2/WIN_20171129_12_28_59_Pro (8).jpg,2
Gesture_2/WIN_20171214_18_10_44_Pro (2).jpg,2
Gesture_2/WIN_20171203_17_22_39_Pro.jpg,2
Gesture_2/WIN_20171203_17_22_37_Pro (3).jpg,2
Gesture_2/WIN_20171214_15_00_04_Pro.jpg,2
Gesture_2/WIN_20171214_18_13_53_Pro.jpg,2
Gesture_2/2-18.jpg,2
Gesture_2/2-35.jpg,2
Gesture_2/2017-11-26-145434_3.jpg,2
Gesture_2/2017-11-26-141842_4.jpg,2
Gesture_2/WIN_20171214_18_11_13_Pro.jpg,2
Gesture_2/WIN_20171203_17_26_25_Pro.jpg,2
Gesture_2/2-27.jpg,2
Gesture_2/2-1.jpg,2
Gesture_2/WIN_20171129_12_26_20_Pro (3).jpg,2
Gesture_2/WIN_20171214_18_10_44_Pro.jpg,2
Gesture_2/WIN_20171129_12_26_20_Pro (6).jpg,2
Gesture_2/WIN_20171214_18_10_43_Pro.jpg,2
Gesture_2/WIN_20171203_17_26_23_Pro (2).jpg,2
Gesture_2/2017-11-26-144132_4.jpg,2
Gesture_2/2017-11-26-145434_1.jpg,2
Gesture_2/WIN_20171129_12_26_19_Pro (3).jpg,2
Gesture_2/WIN_20171203_17_32_22_Pro (3).jpg,2
Gesture_2/2-45.jpg,2
Gesture_2/WIN_20171214_18_13_48_Pro (2).jpg,2
Gesture_2/2-30.jpg,2
Gesture_2/WIN_20171129_12_26_19_Pro (5).jpg,2
Gesture_2/2017-11-26-150123_8.jpg,2
Gesture_2/2-6.jpg,2
Gesture_2/2-15.jpg,2
Gesture_2/WIN_20171214_18_13_51_Pro (2).jpg,2
Gesture_2/2017-11-26-150123_9.jpg,2
Gesture_2/WIN_20171214_18_11_11_Pro.jpg,2
Gesture_2/WIN_20171203_17_22_38_Pro (4).jpg,2
Gesture_2/WIN_20171214_18_13_52_Pro (2).jpg,2
Gesture_2/WIN_20171214_14_59_14_Pro.jpg,2
Gesture_2/2017-11-26-150123_3.jpg,2
Gesture_2/WIN_20171214_18_13_48_Pro (3).jpg,2
Gesture_2/WIN_20171214_15_00_10_Pro.jpg,2
Gesture_2/WIN_20171214_15_00_24_Pro.jpg,2
Gesture_2/WIN_20171129_12_26_18_Pro (4).jpg,2
Gesture_2/2017-11-26-144132_10.jpg,2
Gesture_2/WIN_20171214_18_13_50_Pro.jpg,2
Gesture_2/2-41.jpg,2
Gesture_2/WIN_20171129_12_26_19_Pro (10).jpg,2
Gesture_2/2-8.jpg,2
Gesture_2/WIN_20171128_20_02_06_Pro.jpg,2
Gesture_2/2-20.jpg,2
Gesture_2/WIN_20171203_17_24_30_Pro (2).jpg,2
Gesture_2/WIN_20171129_12_28_59_Pro.jpg,2
Gesture_2/WIN_20171214_18_13_51_Pro (4).jpg,2
Gesture_2/2017-11-26-145434_2.jpg,2
Gesture_2/WIN_20171203_17_24_33_Pro (2).jpg,2
Gesture_2/WIN_20171129_12_28_59_Pro (7).jpg,2
Gesture_2/2-10.jpg,2
Gesture_2/2-2.jpg,2
Gesture_2/WIN_20171214_18_11_14_Pro.jpg,2
Gesture_2/2017-11-26-145434_4.jpg,2
Gesture_2/WIN_20171214_18_13_50_Pro (3).jpg,2
Gesture_5/2017-11-26-142151_8.jpg,5
Gesture_5/WIN_20171203_17_23_03_Pro (5).jpg,5
Gesture_5/2017-11-26-150422_2.jpg,5
Gesture_5/WIN_20171214_15_04_35_Pro.jpg,5
Gesture_5/WIN_20171214_18_13_03_Pro (3).jpg,5
Gesture_5/4-13.jpg,5
Gesture_5/2017-11-26-142151_1.jpg,5
Gesture_5/WIN_20171214_18_13_08_Pro (2).jpg,5
Gesture_5/WIN_20171129_12_26_39_Pro (2).jpg,5
Gesture_5/WIN_20171214_18_13_13_Pro (2).jpg,5
Gesture_5/4-45.jpg,5
Gesture_5/WIN_20171214_18_12_49_Pro.jpg,5
Gesture_5/WIN_20171203_17_25_00_Pro.jpg,5
Gesture_5/2017-11-26-145734_6.jpg,5
Gesture_5/WIN_20171128_18_55_05_Pro.jpg,5
Gesture_5/WIN_20171214_18_13_12_Pro (3).jpg,5
Gesture_5/4-16.jpg,5
Gesture_5/WIN_20171214_18_12_51_Pro.jpg,5
Gesture_5/WIN_20171203_17_32_57_Pro (3).jpg,5
Gesture_5/WIN_20171129_12_29_18_Pro (5).jpg,5
Gesture_5/WIN_20171214_18_13_42_Pro (3).jpg,5
Gesture_5/2017-11-26-150422_3.jpg,5
Gesture_5/WIN_20171214_15_04_36_Pro.jpg,5
Gesture_5/4-40.jpg,5
Gesture_5/WIN_20171129_12_29_17_Pro (2).jpg,5
Gesture_5/2017-11-26-145734_10.jpg,5
Gesture_5/WIN_20171203_17_32_54_Pro (3).jpg,5
Gesture_5/WIN_20171214_15_03_31_Pro.jpg,5
Gesture_5/2017-11-26-142151_7.jpg,5
Gesture_5/WIN_20171203_17_23_03_Pro (2).jpg,5
Gesture_5/2017-11-26-142151_4.jpg,5
Gesture_5/WIN_20171214_18_12_50_Pro.jpg,5
Gesture_5/2017-11-26-150422_10.jpg,5
Gesture_5/2017-11-26-144445_3.jpg,5
Gesture_5/4-8.jpg,5
Gesture_5/WIN_20171214_18_12_53_Pro (2).jpg,5
Gesture_5/WIN_20171214_15_04_42_Pro.jpg,5
Gesture_5/WIN_20171203_17_25_02_Pro.jpg,5
Gesture_5/4-36.jpg,5
Gesture_5/2017-11-26-150422_1.jpg,5
Gesture_5/4-47.jpg,5
Gesture_5/4-12.jpg,5
Gesture_5/WIN_20171129_12_26_37_Pro (2).jpg,5
Gesture_5/2017-11-26-142151_3.jpg,5
Gesture_5/WIN_20171129_12_26_39_Pro (3).jpg,5
Gesture_5/2017-11-26-144445_7.jpg,5
Gesture_5/WIN_20171214_18_13_03_Pro (2).jpg,5
Gesture_5/2017-11-26-142151_2.jpg,5
Gesture_5/2017-11-26-145142_5.jpg,5
Gesture_5/WIN_20171214_18_13_06_Pro.jpg,5
Gesture_5/4-50.jpg,5
Gesture_5/WIN_20171214_15_04_19_Pro.jpg,5
Gesture_5/WIN_20171203_17_26_52_Pro.jpg,5
Gesture_5/WIN_20171129_12_26_38_Pro (7).jpg,5
Gesture_5/WIN_20171214_18_13_01_Pro (3).jpg,5
Gesture_5/WIN_20171214_18_13_06_Pro (4).jpg,5
Gesture_5/WIN_20171214_18_13_05_Pro (3).jpg,5
Gesture_5/2017-11-26-144445_5.jpg,5
Gesture_5/WIN_20171203_17_32_58_Pro.jpg,5
Gesture_5/4-5.jpg,5
Gesture_5/WIN_20171214_15_04_40_Pro.jpg,5
Gesture_5/2017-11-26-150422_4.jpg,5
Gesture_5/2017-11-26-150422_6.jpg,5
Gesture_5/WIN_20171203_17_32_58_Pro (2).jpg,5
Gesture_5/WIN_20171214_18_13_15_Pro (2).jpg,5
Gesture_5/WIN_20171203_17_26_49_Pro.jpg,5
Gesture_5/WIN_20171214_15_04_43_Pro.jpg,5
Gesture_5/WIN_20171214_18_13_13_Pro (5).jpg,5
Gesture_5/WIN_20171214_18_13_42_Pro (2).jpg,5
Gesture_5/4-48.jpg,5
Gesture_5/2017-11-26-150422_7.jpg,5
Gesture_5/WIN_20171214_18_13_09_Pro.jpg,5
Gesture_5/WIN_20171214_15_04_37_Pro.jpg,5
Gesture_5/WIN_20171129_12_29_18_Pro (9).jpg,5
Gesture_5/WIN_20171129_12_26_38_Pro (4).jpg,5
Gesture_5/WIN_20171214_15_04_28_Pro.jpg,5
Gesture_5/WIN_20171214_18_12_52_Pro.jpg,5
Gesture_5/WIN_20171129_12_26_38_Pro (5).jpg,5
Gesture_5/4-27.jpg,5
Gesture_5/WIN_20171203_17_32_56_Pro.jpg,5
Gesture_5/WIN_20171129_12_26_38_Pro (3).jpg,5
Gesture_5/2017-11-26-145142_10.jpg,5
Gesture_5/WIN_20171203_17_23_01_Pro (3).jpg,5
Gesture_5/WIN_20171214_18_12_53_Pro (3).jpg,5
Gesture_5/2017-11-26-145142_6.jpg,5
Gesture_5/WIN_20171214_18_13_13_Pro.jpg,5
Gesture_5/WIN_20171214_18_13_00_Pro (2).jpg,5
Gesture_5/WIN_20171214_18_13_39_Pro.jpg,5
Gesture_5/WIN_20171214_18_13_13_Pro (4).jpg,5
Gesture_5/WIN_20171214_18_12_48_Pro.jpg,5
Gesture_5/WIN_20171214_18_13_02_Pro (2).jpg,5
Gesture_5/WIN_20171214_18_13_42_Pro.jpg,5
Gesture_5/2017-11-26-150422_5.jpg,5
Gesture_5/WIN_20171214_18_13_04_Pro.jpg,5
Gesture_5/4-14.jpg,5
Gesture_5/4-10.jpg,5
Gesture_5/WIN_20171203_17_26_50_Pro (3).jpg,5
Gesture_5/2017-11-26-144445_8.jpg,5
Gesture_5/2017-11-26-145142_8.jpg,5
Gesture_5/WIN_20171129_12_26_39_Pro (6).jpg,5
Gesture_5/WIN_20171214_15_04_39_Pro.jpg,5
Gesture_5/4-29.jpg,5
Gesture_5/WIN_20171129_12_29_19_Pro.jpg,5
Gesture_5/WIN_20171214_18_13_08_Pro (4).jpg,5
Gesture_5/WIN_20171203_17_23_01_Pro.jpg,5
Gesture_5/WIN_20171203_17_32_55_Pro.jpg,5
Gesture_5/WIN_20171214_15_04_26_Pro.jpg,5
Gesture_5/WIN_20171203_17_23_01_Pro (5).jpg,5
Gesture_5/WIN_20171203_17_26_52_Pro (2).jpg,5
Gesture_5/4-22.jpg,5
Gesture_5/WIN_20171214_18_12_48_Pro (2).jpg,5
Gesture_5/WIN_20171129_12_26_39_Pro.jpg,5
Gesture_5/4-34.jpg,5
Gesture_5/WIN_20171128_20_48_37_Pro.jpg,5
Gesture_5/4-38.jpg,5
Gesture_5/WIN_20171129_12_26_38_Pro.jpg,5
Gesture_5/WIN_20171214_15_04_31_Pro.jpg,5
Gesture_5/WIN_20171214_15_04_13_Pro.jpg,5
Gesture_5/WIN_20171203_17_24_57_Pro.jpg,5
Gesture_5/WIN_20171203_17_24_59_Pro (3).jpg,5
Gesture_5/2017-11-26-150422_9.jpg,5
Gesture_5/WIN_20171214_18_13_21_Pro.jpg,5
Gesture_5/4-39.jpg,5
Gesture_5/2017-11-26-142151_9.jpg,5
Gesture_5/WIN_20171214_15_04_15_Pro.jpg,5
Gesture_5/WIN_20171203_17_23_01_Pro (4).jpg,5
Gesture_5/WIN_20171214_18_13_43_Pro.jpg,5
Gesture_5/WIN_20171214_18_12_58_Pro.jpg,5
Gesture_5/WIN_20171203_17_26_50_Pro.jpg,5
Gesture_5/WIN_20171203_17_32_53_Pro.jpg,5
Gesture_5/4-42.jpg,5
Gesture_5/WIN_20171203_17_26_51_Pro (3).jpg,5
Gesture_5/2017-11-26-144445_6.jpg,5
Gesture_5/2017-11-26-145734_7.jpg,5
Gesture_5/2017-11-26-145142_1.jpg,5
Gesture_5/WIN_20171214_18_13_16_Pro (3).jpg,5
Gesture_5/WIN_20171203_17_23_03_Pro (4).jpg,5
Gesture_5/WIN_20171214_18_13_08_Pro.jpg,5
Gesture_5/WIN_20171203_17_23_01_Pro (2).jpg,5
Gesture_5/WIN_20171214_18_13_11_Pro (3).jpg,5
Gesture_5/WIN_20171214_15_04_38_Pro.jpg,5
Gesture_5/4-28.jpg,5
Gesture_5/2017-11-26-144445_2.jpg,5
Gesture_5/WIN_20171214_18_13_05_Pro (2).jpg,5
Gesture_5/WIN_20171214_18_13_10_Pro (2).jpg,5
Gesture_5/2017-11-26-145142_7.jpg,5
Gesture_5/WIN_20171203_17_23_02_Pro.jpg,5
Gesture_5/WIN_20171129_12_29_18_Pro (4).jpg,5
Gesture_5/WIN_20171214_15_04_23_Pro.jpg,5
Gesture_5/WIN_20171214_18_12_48_Pro (3).jpg,5
Gesture_5/WIN_20171214_18_13_01_Pro (2).jpg,5
Gesture_5/4-17.jpg,5
Gesture_5/WIN_20171214_18_13_16_Pro.jpg,5
Gesture_5/WIN_20171214_18_13_38_Pro.jpg,5
Gesture_5/WIN_20171214_18_12_53_Pro (4).jpg,5
Gesture_5/WIN_20171129_12_29_18_Pro (2).jpg,5
Gesture_5/2017-11-26-144445_1.jpg,5
Gesture_5/WIN_20171214_18_13_14_Pro (2).jpg,5
Gesture_5/4-21.jpg,5
Gesture_5/2017-11-26-144445_10.jpg,5
Gesture_5/4-46.jpg,5
Gesture_5/WIN_20171214_18_12_51_Pro (2).jpg,5
Gesture_5/2017-11-26-145142_4.jpg,5
Gesture_5/WIN_20171214_18_13_06_Pro (3).jpg,5
Gesture_5/WIN_20171214_15_04_41_Pro.jpg,5
Gesture_5/WIN_20171129_12_29_18_Pro (8).jpg,5
Gesture_5/WIN_20171203_17_25_01_Pro (3).jpg,5
Gesture_5/WIN_20171129_12_29_18_Pro.jpg,5
Gesture_5/WIN_20171214_15_04_22_Pro.jpg,5
Gesture_5/WIN_20171203_17_24_59_Pro (2).jpg,5
Gesture_5/2017-11-26-142151_6.jpg,5
Gesture_5/WIN_20171128_20_43_04_Pro.jpg,5
Gesture_5/4-7.jpg,5
Gesture_5/WIN_20171214_15_04_02_Pro.jpg,5
Gesture_5/WIN_20171203_17_23_00_Pro (2).jpg,5
Gesture_5/4-20.jpg,5
Gesture_5/WIN_20171203_17_32_57_Pro (2).jpg,5
Gesture_5/2017-11-26-145734_9.jpg,5
Gesture_5/WIN_20171214_18_13_43_Pro (2).jpg,5
Gesture_5/WIN_20171203_17_23_04_Pro (3).jpg,5
Gesture_5/WIN_20171214_15_04_27_Pro.jpg,5
Gesture_5/WIN_20171203_17_25_03_Pro.jpg,5
Gesture_5/WIN_20171128_18_51_47_Pro.jpg,5
Gesture_5/4-9.jpg,5
Gesture_5/WIN_20171214_18_12_47_Pro.jpg,5
Gesture_5/WIN_20171214_18_13_07_Pro (2).jpg,5
Gesture_5/4-41.jpg,5
Gesture_5/2017-11-26-145734_4.jpg,5
Gesture_5/WIN_20171214_15_04_17_Pro.jpg,5
Gesture_5/WIN_20171214_18_13_25_Pro.jpg,5
Gesture_5/WIN_20171203_17_23_00_Pro.jpg,5
Gesture_5/WIN_20171129_12_26_39_Pro (7).jpg,5
Gesture_5/WIN_20171214_18_13_00_Pro (3).jpg,5
Gesture_5/4-24.jpg,5
Gesture_5/WIN_20171203_17_25_02_Pro (2).jpg,5
Gesture_5/WIN_20171214_18_13_00_Pro.jpg,5
Gesture_5/2017-11-26-150422_8.jpg,5
Gesture_5/WIN_20171214_18_12_49_Pro (3).jpg,5
Gesture_5/WIN_20171214_18_12_57_Pro.jpg,5
Gesture_5/WIN_20171214_18_13_12_Pro.jpg,5
Gesture_5/WIN_20171203_17_26_51_Pro (2).jpg,5
Gesture_5/WIN_20171214_18_13_02_Pro (4).jpg,5
Gesture_5/WIN_20171214_18_12_51_Pro (3).jpg,5
Gesture_5/WIN_20171129_12_26_39_Pro (4).jpg,5
Gesture_5/2017-11-26-145734_1.jpg,5
Gesture_5/WIN_20171214_18_12_51_Pro (4).jpg,5
Gesture_5/4-4.jpg,5
Gesture_5/WIN_20171214_18_13_12_Pro (2).jpg,5
Gesture_5/4-23.jpg,5
Gesture_5/WIN_20171214_18_13_14_Pro (3).jpg,5
Gesture_5/WIN_20171129_12_29_19_Pro (2).jpg,5
Gesture_5/WIN_20171214_18_12_53_Pro.jpg,5
Gesture_5/4-33.jpg,5
Gesture_5/WIN_20171129_12_26_39_Pro (5).jpg,5
Gesture_5/2017-11-26-144445_9.jpg,5
Gesture_5/WIN_20171214_18_13_06_Pro (2).jpg,5
Gesture_5/2017-11-26-142151_10.jpg,5
Gesture_5/WIN_20171129_12_26_39_Pro (8).jpg,5
Gesture_5/WIN_20171214_15_04_04_Pro.jpg,5
Gesture_5/WIN_20171214_18_13_11_Pro (2).jpg,5
Gesture_5/WIN_20171214_15_04_11_Pro.jpg,5
Gesture_5/WIN_20171214_15_04_20_Pro.jpg,5
Gesture_5/WIN_20171203_17_23_03_Pro.jpg,5
Gesture_5/WIN_20171214_18_13_10_Pro.jpg,5
Gesture_5/WIN_20171214_15_04_30_Pro.jpg,5
Gesture_5/WIN_20171214_18_12_50_Pro (3).jpg,5
Gesture_5/2017-11-26-144445_4.jpg,5
Gesture_5/WIN_20171214_18_13_15_Pro.jpg,5
Gesture_5/WIN_20171214_18_13_05_Pro.jpg,5
Gesture_5/WIN_20171129_12_26_38_Pro (6).jpg,5
Gesture_5/WIN_20171129_12_29_19_Pro (3).jpg,5
Gesture_5/4-37.jpg,5
Gesture_5/WIN_20171214_18_13_07_Pro.jpg,5
Gesture_5/WIN_20171214_18_13_39_Pro (2).jpg,5
Gesture_5/WIN_20171203_17_26_49_Pro (2).jpg,5
Gesture_5/WIN_20171203_17_23_02_Pro (4).jpg,5
Gesture_5/WIN_20171214_15_04_21_Pro.jpg,5
Gesture_5/WIN_20171203_17_32_55_Pro (2).jpg,5
Gesture_5/WIN_20171214_18_13_02_Pro (3).jpg,5
Gesture_5/WIN_20171203_17_24_58_Pro.jpg,5
Gesture_5/WIN_20171128_20_04_54_Pro.jpg,5
Gesture_5/WIN_20171214_18_12_49_Pro (2).jpg,5
Gesture_5/2017-11-26-145734_8.jpg,5
Gesture_5/WIN_20171214_18_12_52_Pro (3).jpg,5
Gesture_5/4-19.jpg,5
Gesture_5/WIN_20171214_18_13_03_Pro.jpg,5
Gesture_5/2017-11-26-142151_5.jpg,5
Gesture_5/WIN_20171214_18_13_14_Pro.jpg,5
Gesture_5/WIN_20171129_12_26_37_Pro.jpg,5
Gesture_5/WIN_20171129_12_29_18_Pro (10).jpg,5
Gesture_5/WIN_20171214_18_13_07_Pro (3).jpg,5
Gesture_5/WIN_20171214_18_13_40_Pro.jpg,5
Gesture_5/4-15.jpg,5
Gesture_5/WIN_20171203_17_25_02_Pro (3).jpg,5
Gesture_5/4-18.jpg,5
Gesture_5/WIN_20171214_18_13_16_Pro (2).jpg,5
Gesture_5/4-30.jpg,5
Gesture_5/4-49.jpg,5
Gesture_5/2017-11-26-145142_3.jpg,5
Gesture_5/WIN_20171214_18_13_08_Pro (3).jpg,5
Gesture_5/WIN_20171214_18_13_11_Pro.jpg,5
Gesture_5/WIN_20171203_17_32_54_Pro (2).jpg,5
Gesture_5/2017-11-26-145734_3.jpg,5
Gesture_5/2017-11-26-145734_5.jpg,5
Gesture_5/WIN_20171214_18_13_40_Pro (3).jpg,5
Gesture_5/2017-11-26-145142_9.jpg,5
Gesture_5/2017-11-26-145734_2.jpg,5
Gesture_5/4-25.jpg,5
Gesture_5/WIN_20171214_15_04_44_Pro.jpg,5
Gesture_5/WIN_20171129_12_29_18_Pro (3).jpg,5
Gesture_5/WIN_20171214_18_13_01_Pro.jpg,5
Gesture_5/WIN_20171214_18_13_04_Pro (2).jpg,5
Gesture_5/WIN_20171214_15_04_45_Pro.jpg,5
Gesture_5/WIN_20171129_12_26_38_Pro (8).jpg,5
Gesture_5/WIN_20171129_12_26_38_Pro (9).jpg,5
Gesture_5/4-11.jpg,5
Gesture_5/WIN_20171214_18_12_50_Pro (4).jpg,5
Gesture_5/WIN_20171214_18_13_15_Pro (3).jpg,5
Gesture_5/4-43.jpg,5
Gesture_5/WIN_20171203_17_32_56_Pro (2).jpg,5
Gesture_5/WIN_20171214_18_13_13_Pro (3).jpg,5
Gesture_5/WIN_20171214_18_13_40_Pro (2).jpg,5
Gesture_5/WIN_20171129_12_26_38_Pro (2).jpg,5
Gesture_5/WIN_20171128_20_04_43_Pro.jpg,5
Gesture_5/WIN_20171214_18_12_50_Pro (2).jpg,5
Gesture_5/WIN_20171129_12_26_38_Pro (10).jpg,5
Gesture_5/4-32.jpg,5
Gesture_5/WIN_20171203_17_23_04_Pro.jpg,5
Gesture_5/WIN_20171214_18_12_54_Pro (2).jpg,5
Gesture_5/WIN_20171203_17_23_02_Pro (2).jpg,5
Gesture_5/4-6.jpg,5
Gesture_5/4-31.jpg,5
Gesture_5/WIN_20171129_12_29_18_Pro (11).jpg,5
Gesture_5/WIN_20171214_15_04_34_Pro.jpg,5
Gesture_5/4-2.jpg,5
Gesture_5/4-26.jpg,5
Gesture_5/WIN_20171214_18_12_52_Pro (2).jpg,5
Gesture_5/WIN_20171214_18_13_02_Pro.jpg,5
Gesture_5/4-35.jpg,5
Gesture_5/WIN_20171214_18_13_41_Pro.jpg,5
Gesture_5/4-3.jpg,5
Gesture_5/4-1.jpg,5
